Series,Current,Min,Max,Average
Start Time,-1.79769e+308
End Time,1.79769e+308
Current Time,1.71162e+09
/br5/correction_depth/data,1446.592097,1410.839943,1447.691782,1434.860118
/br5/depth_wrt_startup/data,0.358940,0.033651,0.367098,0.250679
